name,slug,description,price
Napkin - Cocktailbeige 2 - Ply,napkin-cocktail-beige2-ply,nulla nunc purus phasellus in felis donec semper sapien a libero nam dui proin leo odio porttitor,46.6
Milk - 2%,milk-2,etiam pretium iaculis justo in hac habitasse platea dictumst etiam faucibus cursus urna ut tellus nulla ut erat id mauris vulputate elementum nullam,37.56
Wine - George Duboeuf Rose,wine-georgeduboeufrose,a suscipit nulla elit ac nulla sed vel enim sit amet nunc viverra dapibus nulla suscipit ligula in lacus curabitur at ipsum ac tellus semper interdum,34.32
Beef - Bones Marrow,beef-bones-marrow,magna bibendum imperdiet nullam orci pede venenatis non sodales sed tincidunt eu felis fusce posuere felis sed lacus morbi sem,42.85
Bread - Bistro Sour,bread-bistrosour,eget eleifend luctus ultricies eu nibh quisque id justo sit amet sapien dignissim vestibulum vestibulum ante ipsum primis,62.35
Jam - Marmalade Orange,jam-marmalade-orange,lorem ipsum dolor sit amet consectetuer adipiscing elit proin interdum mauris,77.26
Soup Knorr Chili With Beans,soupknorrchiliwithbeans,id pretium iaculis diam erat fermentum justo nec condimentum neque sapien placerat ante nulla justo aliquam quis turpis eget elit sodales scelerisque mauris,45.71
Glass Clear 7 Oz Xl,glassclear7ozxl,in libero ut massa volutpat convallis morbi odio odio elementum eu interdum eu tincidunt in leo maecenas,35.5
Beef - Tongue Fresh,beef-tongue-fresh,nunc purus phasellus in felis donec semper sapien a libero nam dui proin leo odio porttitor,55.36
Yogurt - Banana 175 Gr,yogurt-banana-175gr,nulla pede ullamcorper augue a suscipit nulla elit ac nulla sed vel enim sit amet nunc viverra dapibus nulla suscipit ligula in lacus curabitur at ipsum ac tellus semper,42.77
Coffee Cup 16oz Foam,coffeecup16ozfoam,lacus morbi sem mauris laoreet ut rhoncus aliquet pulvinar sed nisl nunc rhoncus dui vel sem sed sagittis nam congue,51.54
Brandy - Bar,brandy-bar,augue vel accumsan tellus nisi eu orci mauris lacinia sapien quis libero,39.98
Wine - Magnotta - Pinot Gris Sr,wine-magnotta-pinotgrissr,proin leo odio porttitor id consequat in consequat ut nulla sed accumsan felis ut at,24.18
Mayonnaise,mayonnaise,metus sapien ut nunc vestibulum ante ipsum primis in faucibus orci luctus et ultrices posuere cubilia curae mauris viverra diam vitae,63.28
Bananas,bananas,et magnis dis parturient montes nascetur ridiculus mus vivamus vestibulum sagittis sapien cum sociis natoque penatibus et magnis dis parturient montes nascetur ridiculus mus etiam vel augue vestibulum rutrum,35.47
Cabbage - Savoy,cabbage-savoy,pede malesuada in imperdiet et commodo vulputate justo in blandit ultrices enim lorem ipsum,22.64
Wine - Red Pelee Island Merlot,wine-red-peleeislandmerlot,ut suscipit a feugiat et eros vestibulum ac est lacinia nisi venenatis tristique fusce congue diam id ornare,63.71
Calvados - Boulard,calvados-boulard,nec dui luctus rutrum nulla tellus in sagittis dui vel nisl duis ac nibh fusce lacus purus aliquet at feugiat non pretium quis lectus,56.6
Soup - Knorr Classic Can. Chili,soup-knorr-classiccan-chili,nonummy integer non velit donec diam neque vestibulum eget vulputate ut ultrices vel augue vestibulum ante ipsum primis,45.15
Sauce - Hp,sauce-hp,duis bibendum morbi non quam nec dui luctus rutrum nulla tellus in sagittis dui vel nisl duis ac nibh fusce lacus purus aliquet at,40.21
Rabbit - Whole,rabbit-whole,nascetur ridiculus mus vivamus vestibulum sagittis sapien cum sociis natoque penatibus et magnis dis parturient montes nascetur ridiculus mus etiam vel augue vestibulum rutrum rutrum neque aenean,74.83
Chocolate - Milk Coating,chocolate-milkcoating,curabitur convallis duis consequat dui nec nisi volutpat eleifend donec ut dolor morbi vel lectus in quam fringilla rhoncus mauris enim leo rhoncus sed vestibulum sit amet,22.17
Chutney Sauce,chutneysauce,est quam pharetra magna ac consequat metus sapien ut nunc vestibulum ante ipsum primis in faucibus orci luctus et ultrices posuere cubilia curae mauris viverra diam vitae quam suspendisse potenti,22.76
Wine - Port Late Bottled Vintage,wine-portlatebottledvintage,varius integer ac leo pellentesque ultrices mattis odio donec vitae nisi nam ultrices libero non mattis pulvinar nulla pede ullamcorper augue a suscipit nulla elit ac nulla,47.94
Table Cloth - 53x69 Colour,tablecloth-53x69colour,natoque penatibus et magnis dis parturient montes nascetur ridiculus mus etiam vel augue vestibulum rutrum rutrum neque aenean auctor gravida sem praesent id massa id nisl venenatis lacinia aenean sit,68.34
Seabream Whole Farmed,seabreamwholefarmed,dictumst maecenas ut massa quis augue luctus tincidunt nulla mollis molestie lorem quisque ut erat curabitur gravida nisi at nibh in hac habitasse,24.67
Sauce - Black Current Dry Mix,sauce-blackcurrent-drymix,faucibus cursus urna ut tellus nulla ut erat id mauris vulputate elementum nullam varius nulla facilisi cras non,57.34
Butter Sweet,buttersweet,vulputate nonummy maecenas tincidunt lacus at velit vivamus vel nulla eget eros elementum pellentesque quisque porta volutpat erat quisque,49.06
Coffee Cup 12oz 5342cd,coffeecup12oz5342cd,penatibus et magnis dis parturient montes nascetur ridiculus mus etiam vel augue vestibulum rutrum rutrum neque aenean auctor gravida sem praesent id massa id nisl venenatis lacinia aenean sit amet,79.07
Chocolate - Pistoles White,chocolate-pistoles-white,nisi eu orci mauris lacinia sapien quis libero nullam sit amet turpis elementum ligula vehicula consequat morbi a ipsum integer a nibh in quis justo maecenas rhoncus aliquam,39.85
Wine - Montecillo Rioja Crianza,wine-montecilloriojacrianza,eu tincidunt in leo maecenas pulvinar lobortis est phasellus sit amet erat nulla tempus vivamus in felis eu sapien cursus vestibulum proin,22.37
Vodka - Smirnoff,vodka-smirnoff,lacus at velit vivamus vel nulla eget eros elementum pellentesque quisque,40.37
Appetizer - Southwestern,appetizer-southwestern,primis in faucibus orci luctus et ultrices posuere cubilia curae duis faucibus accumsan odio curabitur convallis duis consequat dui nec nisi volutpat eleifend donec ut dolor morbi vel,25.98
Tomato - Green,tomato-green,nulla ut erat id mauris vulputate elementum nullam varius nulla facilisi cras non,75
Pie Shell - 5,pieshell-5,libero non mattis pulvinar nulla pede ullamcorper augue a suscipit nulla elit ac nulla sed,48.12
Pasta - Fettuccine Dry,pasta-fettuccine-dry,integer ac neque duis bibendum morbi non quam nec dui luctus rutrum nulla tellus in sagittis dui vel nisl duis ac nibh fusce lacus purus,44.4
Muffin Hinge - 211n,muffinhinge-211n,bibendum felis sed interdum venenatis turpis enim blandit mi in porttitor pede justo eu massa donec dapibus,44.45
Chicken - Leg / Back Attach,chicken-leg-backattach,sed tristique in tempus sit amet sem fusce consequat nulla nisl nunc nisl duis bibendum felis sed interdum venenatis turpis enim blandit mi,25.53
Tomatoes - Cherry,tomatoes-cherry,nibh in hac habitasse platea dictumst aliquam augue quam sollicitudin vitae consectetuer eget rutrum at lorem integer tincidunt ante vel ipsum praesent blandit lacinia erat vestibulum sed magna at,24.74
Lamb - Leg Bone In,lamb-leg-bonein,convallis nulla neque libero convallis eget eleifend luctus ultricies eu nibh quisque id justo sit amet sapien dignissim vestibulum vestibulum ante ipsum primis in faucibus orci luctus et ultrices posuere,40.03
Herb Du Provence - Primerba,herbduprovence-primerba,amet sapien dignissim vestibulum vestibulum ante ipsum primis in faucibus orci luctus et ultrices posuere cubilia curae nulla dapibus dolor vel est donec odio justo sollicitudin ut suscipit a feugiat,50.46
Scotch - Queen Anne,scotch-queenanne,odio curabitur convallis duis consequat dui nec nisi volutpat eleifend donec ut dolor morbi vel lectus in quam fringilla rhoncus mauris enim leo rhoncus sed vestibulum sit amet cursus id,78
Lobster - Tail 3 - 4 Oz,lobster-tail-3-4oz,sociis natoque penatibus et magnis dis parturient montes nascetur ridiculus mus vivamus,62.86
Gherkin - Sour,gherkin-sour,integer tincidunt ante vel ipsum praesent blandit lacinia erat vestibulum sed magna at nunc commodo placerat praesent blandit nam nulla integer pede justo lacinia eget tincidunt eget,54
Truffle Cups - White Paper,trufflecups-whitepaper,aliquam non mauris morbi non lectus aliquam sit amet diam in magna bibendum imperdiet nullam orci pede venenatis non sodales sed tincidunt eu felis,57.57
Pasta - Cappellini Dry,pasta-cappellini-dry,sem sed sagittis nam congue risus semper porta volutpat quam pede lobortis ligula sit amet eleifend pede libero quis orci,20.32
Tart Shells - Savory 2,tartshells-savory-2,integer ac leo pellentesque ultrices mattis odio donec vitae nisi nam,28.25
Eggplant - Baby,eggplant-baby,luctus cum sociis natoque penatibus et magnis dis parturient montes nascetur ridiculus mus vivamus vestibulum sagittis sapien cum sociis natoque penatibus,27.18
Pork - Back Short Cut Boneless,pork-back-shortcut-boneless,vehicula condimentum curabitur in libero ut massa volutpat convallis morbi odio odio elementum eu interdum eu tincidunt in leo maecenas pulvinar lobortis est phasellus,41.68
Garlic - Peeled,garlic-peeled,purus sit amet nulla quisque arcu libero rutrum ac lobortis vel dapibus at diam nam tristique tortor eu,44.96
Beef - Shank,beef-shank,turpis sed ante vivamus tortor duis mattis egestas metus aenean fermentum donec ut mauris eget,68.59
Bread - Onion Focaccia,bread-onionfocaccia,id ornare imperdiet sapien urna pretium nisl ut volutpat sapien arcu sed augue aliquam erat volutpat in congue etiam justo etiam pretium iaculis justo in hac habitasse platea,37.52
Dooleys Toffee,dooleystoffee,lorem vitae mattis nibh ligula nec sem duis aliquam convallis nunc proin at,22.2
Oil - Safflower,oil-safflower,parturient montes nascetur ridiculus mus vivamus vestibulum sagittis sapien cum sociis natoque penatibus et magnis dis parturient montes nascetur ridiculus mus etiam vel augue vestibulum rutrum,39.42
Nut - Pecan Pieces,nut-pecan-pieces,id mauris vulputate elementum nullam varius nulla facilisi cras non velit nec nisi vulputate nonummy maecenas tincidunt lacus at velit vivamus vel,61.11
Gloves - Goldtouch Disposable,gloves-goldtouchdisposable,in hac habitasse platea dictumst etiam faucibus cursus urna ut tellus nulla ut erat id mauris vulputate elementum,42.97
Evaporated Milk - Skim,evaporatedmilk-skim,proin interdum mauris non ligula pellentesque ultrices phasellus id sapien in sapien iaculis congue,67.84
Beef - Bones Marrow,beef-bones-marrow,sem praesent id massa id nisl venenatis lacinia aenean sit amet justo morbi ut odio cras mi pede malesuada in imperdiet et commodo vulputate justo in blandit ultrices enim,62.06
Wine - Carmenere Casillero Del,wine-carmenerecasillerodel,morbi a ipsum integer a nibh in quis justo maecenas rhoncus aliquam lacus morbi quis tortor id nulla ultrices aliquet maecenas,46.95
V8 - Tropical Blend,v8-tropicalblend,dui vel sem sed sagittis nam congue risus semper porta volutpat quam pede lobortis ligula sit amet eleifend,56.63
Mace,mace,in lacus curabitur at ipsum ac tellus semper interdum mauris ullamcorper purus sit amet nulla quisque arcu libero rutrum ac lobortis vel dapibus,73.39
Parsnip,parsnip,suscipit ligula in lacus curabitur at ipsum ac tellus semper interdum mauris ullamcorper purus sit amet nulla quisque,69.08
Coffee Cup 8oz 5338cd,coffeecup8oz5338cd,metus sapien ut nunc vestibulum ante ipsum primis in faucibus orci luctus et,29.74
Rosemary - Fresh,rosemary-fresh,sit amet justo morbi ut odio cras mi pede malesuada,54.45
Bread - French Baquette,bread-frenchbaquette,ut erat curabitur gravida nisi at nibh in hac habitasse platea dictumst aliquam augue quam sollicitudin,65.84
Bacardi Breezer - Tropical,bacardibreezer-tropical,ante nulla justo aliquam quis turpis eget elit sodales scelerisque mauris sit amet eros suspendisse accumsan tortor quis turpis sed ante vivamus tortor duis mattis egestas metus,36.68
Yoplait - Strawbrasp Peac,yoplait-strawbrasppeac,turpis donec posuere metus vitae ipsum aliquam non mauris morbi non lectus aliquam sit amet diam in magna bibendum imperdiet nullam orci pede venenatis non,60.2
Cake - Sheet Strawberry,cake-sheetstrawberry,eu interdum eu tincidunt in leo maecenas pulvinar lobortis est phasellus sit amet,52.07
Chicken - Base,chicken-base,in porttitor pede justo eu massa donec dapibus duis at velit,21.41
Fruit Salad Deluxe,fruitsaladdeluxe,in faucibus orci luctus et ultrices posuere cubilia curae nulla dapibus dolor vel est donec odio justo sollicitudin ut,66.93
Bread - Pullman Sliced,bread-pullman-sliced,sit amet diam in magna bibendum imperdiet nullam orci pede venenatis non sodales sed tincidunt eu felis fusce posuere felis sed,76.22
Arizona - Plum Green Tea,arizona-plumgreentea,dignissim vestibulum vestibulum ante ipsum primis in faucibus orci luctus et ultrices posuere cubilia curae nulla dapibus dolor vel est donec odio justo sollicitudin ut suscipit a feugiat,31.02
Wine - German Riesling,wine-germanriesling,aliquet ultrices erat tortor sollicitudin mi sit amet lobortis sapien sapien non mi integer ac neque duis bibendum morbi non,56.48
Pur Value,purvalue,primis in faucibus orci luctus et ultrices posuere cubilia curae,23.21
Oneshot Automatic Soap System,oneshotautomaticsoapsystem,risus auctor sed tristique in tempus sit amet sem fusce consequat nulla nisl nunc nisl duis bibendum felis sed interdum venenatis turpis enim blandit,46.35
Cucumber - Pickling Ontario,cucumber-picklingontario,urna pretium nisl ut volutpat sapien arcu sed augue aliquam erat volutpat in congue etiam justo etiam pretium iaculis justo in hac habitasse platea dictumst etiam faucibus cursus urna,27.85
Bread - Crusty Italian Poly,bread-crustyitalianpoly,eget vulputate ut ultrices vel augue vestibulum ante ipsum primis in faucibus orci luctus,21.74
Beef - Kobe Striploin,beef-kobestriploin,dui nec nisi volutpat eleifend donec ut dolor morbi vel lectus in quam fringilla rhoncus mauris enim leo rhoncus sed vestibulum sit amet cursus id turpis integer aliquet,22.62
Cheese - Romano Grated,cheese-romano-grated,sapien placerat ante nulla justo aliquam quis turpis eget elit sodales scelerisque mauris sit amet eros suspendisse accumsan tortor quis turpis sed,79.03
Cookie Trail Mix,cookietrailmix,pellentesque at nulla suspendisse potenti cras in purus eu magna vulputate luctus cum sociis natoque,54.81
Cake Slab,cakeslab,enim in tempor turpis nec euismod scelerisque quam turpis adipiscing lorem vitae mattis nibh,49.25
Bread - Bistro White,bread-bistrowhite,justo etiam pretium iaculis justo in hac habitasse platea dictumst etiam faucibus cursus urna ut tellus nulla ut erat id mauris vulputate elementum nullam varius nulla facilisi,77.28
Oven Mitt - 13 Inch,ovenmitt-13inch,quis augue luctus tincidunt nulla mollis molestie lorem quisque ut erat curabitur,48.3
Veal - Ground,veal-ground,donec diam neque vestibulum eget vulputate ut ultrices vel augue vestibulum ante ipsum primis in faucibus orci luctus et ultrices posuere cubilia curae donec pharetra magna,21.79
Versatainer Nc - 8288,versatainernc-8288,turpis sed ante vivamus tortor duis mattis egestas metus aenean fermentum donec ut mauris eget massa tempor convallis nulla neque libero convallis eget eleifend luctus,74.57
Rabbit - Legs,rabbit-legs,accumsan odio curabitur convallis duis consequat dui nec nisi volutpat eleifend donec ut,51.57
Nut - Pine Nuts Whole,nut-pinenuts-whole,tortor risus dapibus augue vel accumsan tellus nisi eu orci mauris lacinia sapien quis libero nullam sit amet turpis elementum ligula vehicula consequat morbi a,74.43
Oil - Grapeseed Oil,oil-grapeseedoil,justo in hac habitasse platea dictumst etiam faucibus cursus urna ut tellus nulla ut erat id mauris vulputate elementum nullam,77.65
Pomello,pomello,quis turpis eget elit sodales scelerisque mauris sit amet eros suspendisse accumsan tortor quis turpis sed ante vivamus tortor duis mattis egestas metus,34.13
Doilies - 12 Paper,doilies-12-paper,ut erat curabitur gravida nisi at nibh in hac habitasse platea dictumst aliquam augue quam sollicitudin vitae consectetuer eget rutrum at lorem,23.18
Carbonated Water - Strawberry,carbonatedwater-strawberry,in faucibus orci luctus et ultrices posuere cubilia curae nulla dapibus dolor vel est donec odio justo sollicitudin ut,71.75
Energy Drink,energydrink,hac habitasse platea dictumst maecenas ut massa quis augue luctus tincidunt,71.29
Barramundi,barramundi,amet diam in magna bibendum imperdiet nullam orci pede venenatis non sodales sed tincidunt eu felis fusce posuere felis,59.5
Energy Drink Red Bull,energydrinkredbull,est donec odio justo sollicitudin ut suscipit a feugiat et eros vestibulum ac est lacinia nisi venenatis tristique fusce congue diam id ornare imperdiet sapien urna pretium,32.15
Vodka - Hot Lnferno,vodka-hot-lnferno,pede malesuada in imperdiet et commodo vulputate justo in blandit ultrices enim lorem ipsum dolor,24.24
Spring Roll Wrappers,springrollwrappers,proin leo odio porttitor id consequat in consequat ut nulla sed accumsan felis ut at dolor quis odio consequat varius integer ac,67.62
Broom - Push,broom-push,odio justo sollicitudin ut suscipit a feugiat et eros vestibulum ac est lacinia nisi venenatis tristique fusce congue diam id ornare imperdiet sapien urna pretium nisl ut volutpat sapien,63.91
Island Oasis - Raspberry,islandoasis-raspberry,nisl venenatis lacinia aenean sit amet justo morbi ut odio cras mi pede malesuada in imperdiet et commodo vulputate justo in blandit ultrices enim lorem ipsum,27.73
Crab - Meat Combo,crab-meatcombo,venenatis non sodales sed tincidunt eu felis fusce posuere felis sed lacus morbi sem mauris laoreet ut rhoncus aliquet pulvinar sed nisl nunc rhoncus dui vel sem,75.45
Lamb - Ground,lamb-ground,at lorem integer tincidunt ante vel ipsum praesent blandit lacinia erat vestibulum sed magna at nunc commodo placerat praesent blandit nam nulla integer,75.49
Venison - Denver Leg Boneless,venison-denverlegboneless,non quam nec dui luctus rutrum nulla tellus in sagittis dui vel nisl duis ac nibh fusce lacus purus aliquet at feugiat non pretium quis lectus suspendisse potenti,41.31
Nut - Almond Blanched Sliced,nut-almond-blanched-sliced,fermentum donec ut mauris eget massa tempor convallis nulla neque libero convallis eget eleifend luctus ultricies eu nibh quisque id justo sit amet sapien dignissim vestibulum vestibulum ante ipsum,45.56
Foil Cont Round,foilcontround,condimentum neque sapien placerat ante nulla justo aliquam quis turpis eget elit sodales scelerisque mauris sit amet eros suspendisse accumsan tortor quis turpis sed ante vivamus tortor duis,33.96
Sour Puss - Tangerine,sourpuss-tangerine,eros elementum pellentesque quisque porta volutpat erat quisque erat eros viverra eget congue eget semper rutrum nulla nunc purus phasellus in felis donec semper sapien a libero nam dui,32.84
Gooseberry,gooseberry,semper interdum mauris ullamcorper purus sit amet nulla quisque arcu libero rutrum ac,48.29
Rolled Oats,rolledoats,facilisi cras non velit nec nisi vulputate nonummy maecenas tincidunt lacus at velit vivamus vel nulla eget eros elementum pellentesque quisque porta volutpat,46.39
Sausage - Blood Pudding,sausage-bloodpudding,justo morbi ut odio cras mi pede malesuada in imperdiet et commodo vulputate justo in,59.31
Pepper - Chilli Seeds Mild,pepper-chilliseedsmild,orci eget orci vehicula condimentum curabitur in libero ut massa volutpat convallis morbi odio odio elementum eu,53.24
Pie Box - Cello Window 2.5,piebox-cellowindow2-5,feugiat et eros vestibulum ac est lacinia nisi venenatis tristique fusce congue diam id ornare imperdiet sapien,66.24
Cleaner - Bleach,cleaner-bleach,nunc nisl duis bibendum felis sed interdum venenatis turpis enim blandit mi in porttitor,66.68
V8 Splash Strawberry Banana,v8splashstrawberrybanana,vestibulum proin eu mi nulla ac enim in tempor turpis nec euismod scelerisque quam turpis adipiscing lorem vitae mattis nibh,32.77
Heavy Duty Dust Pan,heavydutydustpan,quam pede lobortis ligula sit amet eleifend pede libero quis orci nullam molestie nibh in lectus pellentesque,60.81
Salmon - Atlantic Skin On,salmon-atlantic-skinon,mi sit amet lobortis sapien sapien non mi integer ac neque duis,52.33
Cod - Fillets,cod-fillets,integer pede justo lacinia eget tincidunt eget tempus vel pede morbi porttitor lorem,77.61
Spinach - Spinach Leaf,spinach-spinachleaf,aenean fermentum donec ut mauris eget massa tempor convallis nulla neque libero convallis eget eleifend luctus ultricies eu,22.67
Lentils - Red Dry,lentils-red-dry,lacinia erat vestibulum sed magna at nunc commodo placerat praesent blandit nam nulla integer pede,48.58
Pork - Bacon Sliced,pork-bacon-sliced,dictumst etiam faucibus cursus urna ut tellus nulla ut erat id mauris vulputate elementum nullam,77.98
Wine - Touraine Azay - Le - Rideau,wine-touraineazay-le-rideau,pretium iaculis diam erat fermentum justo nec condimentum neque sapien placerat ante nulla justo,27.67
Cheese - Cambozola,cheese-cambozola,elementum nullam varius nulla facilisi cras non velit nec nisi vulputate nonummy maecenas tincidunt lacus at velit vivamus vel nulla eget,63
Chives - Fresh,chives-fresh,magnis dis parturient montes nascetur ridiculus mus vivamus vestibulum sagittis sapien cum sociis natoque penatibus et magnis dis parturient montes,60.72
Turkey - Ground. Lean,turkey-ground-lean,interdum venenatis turpis enim blandit mi in porttitor pede justo eu massa donec dapibus duis at velit eu est congue elementum in hac habitasse platea dictumst,39.39
Tomatoes - Cherry Yellow,tomatoes-cherry-yellow,parturient montes nascetur ridiculus mus etiam vel augue vestibulum rutrum rutrum,76.91
Kaffir Lime Leaves,kaffirlimeleaves,faucibus orci luctus et ultrices posuere cubilia curae nulla dapibus dolor vel est donec odio justo sollicitudin ut,64.32
Bread Crumbs - Panko,breadcrumbs-panko,nullam molestie nibh in lectus pellentesque at nulla suspendisse potenti cras in purus eu magna,34.83
Venison - Striploin,venison-striploin,justo eu massa donec dapibus duis at velit eu est congue elementum in hac habitasse platea dictumst morbi vestibulum velit id pretium iaculis diam erat fermentum justo nec,77.9
Wine - Vineland Estate Semi - Dry,wine-vinelandestatesemi-dry,sollicitudin mi sit amet lobortis sapien sapien non mi integer ac neque duis bibendum morbi non quam nec dui luctus rutrum nulla tellus in,27.61
Fib N9 - Prague Powder,fibn9-praguepowder,ut odio cras mi pede malesuada in imperdiet et commodo vulputate justo in blandit ultrices enim lorem ipsum dolor sit amet consectetuer adipiscing elit proin interdum mauris non ligula,28.86
Cherries - Fresh,cherries-fresh,at nulla suspendisse potenti cras in purus eu magna vulputate luctus cum sociis natoque penatibus et magnis dis parturient montes nascetur,51.42
Chocolate - Semi Sweet,chocolate-semisweet,sollicitudin ut suscipit a feugiat et eros vestibulum ac est lacinia nisi venenatis tristique fusce congue diam id ornare imperdiet sapien urna pretium nisl ut volutpat sapien arcu sed,30.39
Raisin - Golden,raisin-golden,dictumst morbi vestibulum velit id pretium iaculis diam erat fermentum,51.46
Garlic - Elephant,garlic-elephant,luctus et ultrices posuere cubilia curae duis faucibus accumsan odio curabitur convallis duis consequat dui nec nisi volutpat,77.33
Horseradish Root,horseradishroot,turpis enim blandit mi in porttitor pede justo eu massa donec dapibus duis at velit eu est congue elementum in hac habitasse platea dictumst,69.83
Lobster - Canned Premium,lobster-cannedpremium,non quam nec dui luctus rutrum nulla tellus in sagittis,67.72
Chicken - Diced Cooked,chicken-diced-cooked,risus semper porta volutpat quam pede lobortis ligula sit amet eleifend pede libero quis orci nullam molestie nibh in lectus pellentesque at,77.73
Wine - Periguita Fonseca,wine-periguitafonseca,dolor vel est donec odio justo sollicitudin ut suscipit a feugiat et eros vestibulum ac est lacinia nisi venenatis tristique fusce congue diam id ornare imperdiet,47.31
Muffin Hinge 117n,muffinhinge117n,duis faucibus accumsan odio curabitur convallis duis consequat dui nec nisi volutpat eleifend donec ut dolor morbi vel lectus in quam fringilla rhoncus mauris enim leo rhoncus,47.47
Puree - Kiwi,puree-kiwi,in quis justo maecenas rhoncus aliquam lacus morbi quis tortor id,27.55
Pepper - Chipotle Canned,pepper-chipotle-canned,vitae nisi nam ultrices libero non mattis pulvinar nulla pede ullamcorper augue a suscipit nulla elit ac nulla sed vel,62.08
Black Currants,blackcurrants,orci eget orci vehicula condimentum curabitur in libero ut massa,34.19
Dill Weed - Fresh,dillweed-fresh,purus eu magna vulputate luctus cum sociis natoque penatibus et magnis dis parturient montes nascetur ridiculus mus vivamus vestibulum sagittis sapien cum sociis natoque,65.35
Wine - Winzer Krems Gruner,wine-winzerkremsgruner,nec nisi volutpat eleifend donec ut dolor morbi vel lectus in quam fringilla rhoncus mauris enim leo rhoncus sed,68.28
Veal - Striploin,veal-striploin,amet eros suspendisse accumsan tortor quis turpis sed ante vivamus tortor duis mattis egestas metus aenean fermentum donec ut mauris eget massa tempor convallis nulla neque libero,20.86
Cheese - Mozzarella Buffalo,cheese-mozzarella-buffalo,lectus pellentesque at nulla suspendisse potenti cras in purus eu magna vulputate luctus cum sociis natoque penatibus et magnis dis,52.25
Bread - Raisin Walnut Pull,bread-raisinwalnutpull,aliquet ultrices erat tortor sollicitudin mi sit amet lobortis sapien sapien non mi integer ac neque duis bibendum morbi non quam nec dui luctus rutrum nulla tellus in sagittis,27.08
Sugar - Palm,sugar-palm,in libero ut massa volutpat convallis morbi odio odio elementum eu,66.06
Soup - Knorr Veg / Beef,soup-knorr-veg-beef,felis sed interdum venenatis turpis enim blandit mi in porttitor pede justo eu massa donec dapibus duis,56.25
Horseradish Root,horseradishroot,molestie hendrerit at vulputate vitae nisl aenean lectus pellentesque eget nunc donec quis orci eget orci vehicula condimentum curabitur in libero ut massa volutpat convallis morbi,45.38
Pork - Kidney,pork-kidney,odio consequat varius integer ac leo pellentesque ultrices mattis odio donec vitae nisi nam ultrices libero non mattis,46.14
Bar Mix - Lemon,barmix-lemon,sed justo pellentesque viverra pede ac diam cras pellentesque volutpat dui maecenas tristique est et tempus semper est quam pharetra magna ac consequat metus sapien ut nunc vestibulum ante,77.22
Ginger - Crystalized,ginger-crystalized,orci vehicula condimentum curabitur in libero ut massa volutpat convallis morbi odio odio elementum eu interdum eu,79.82
Bread - Multigrain Loaf,bread-multigrain-loaf,augue luctus tincidunt nulla mollis molestie lorem quisque ut erat curabitur gravida nisi at nibh in hac habitasse platea dictumst aliquam augue quam sollicitudin vitae consectetuer eget rutrum at lorem,36.13
Rosemary - Fresh,rosemary-fresh,consequat varius integer ac leo pellentesque ultrices mattis odio donec vitae nisi nam ultrices libero non mattis pulvinar nulla pede ullamcorper augue a suscipit,31.16
Shrimp - Black Tiger 13/15,shrimp-blacktiger13-15,vitae nisi nam ultrices libero non mattis pulvinar nulla pede ullamcorper augue a suscipit nulla elit ac nulla sed vel enim,25.19
Wine - White Antinore Orvieto,wine-white-antinoreorvieto,id luctus nec molestie sed justo pellentesque viverra pede ac diam cras pellentesque volutpat dui maecenas tristique est et tempus,59.46
Cattail Hearts,cattailhearts,orci pede venenatis non sodales sed tincidunt eu felis fusce posuere felis sed lacus morbi sem mauris laoreet ut rhoncus aliquet pulvinar,54.83
Pepper - Black Crushed,pepper-black-crushed,mi nulla ac enim in tempor turpis nec euismod scelerisque quam turpis adipiscing lorem vitae mattis nibh,61.16
Jam - Raspberry,jam-raspberry,mus etiam vel augue vestibulum rutrum rutrum neque aenean auctor,34.44
Bread - Hot Dog Buns,bread-hotdogbuns,vestibulum sit amet cursus id turpis integer aliquet massa id lobortis convallis tortor risus dapibus augue vel,73.09
Cheese - Roquefort Pappillon,cheese-roquefortpappillon,ipsum primis in faucibus orci luctus et ultrices posuere cubilia curae duis faucibus accumsan odio curabitur convallis duis consequat dui nec nisi,25.92
Ham - Black Forest,ham-blackforest,cursus urna ut tellus nulla ut erat id mauris vulputate,72.44
Tequila - Sauza Silver,tequila-sauzasilver,praesent blandit lacinia erat vestibulum sed magna at nunc commodo placerat praesent blandit nam nulla integer pede justo lacinia eget tincidunt eget tempus vel,44.2
Pastry - Apple Muffins - Mini,pastry-applemuffins-mini,neque libero convallis eget eleifend luctus ultricies eu nibh quisque id,32.38
Juice - Apple 500 Ml,juice-apple-500ml,at lorem integer tincidunt ante vel ipsum praesent blandit lacinia erat vestibulum sed magna at nunc commodo placerat praesent blandit nam nulla integer pede justo lacinia eget,72.41
Nut - Walnut Chopped,nut-walnut-chopped,at dolor quis odio consequat varius integer ac leo pellentesque ultrices,35
Pickerel - Fillets,pickerel-fillets,dui proin leo odio porttitor id consequat in consequat ut nulla sed,65.02
Guinea Fowl,guineafowl,aliquet pulvinar sed nisl nunc rhoncus dui vel sem sed sagittis nam congue risus semper porta volutpat quam pede lobortis ligula sit amet eleifend pede libero quis orci,68.39
Gelatine Leaves - Envelopes,gelatineleaves-envelopes,ipsum dolor sit amet consectetuer adipiscing elit proin risus praesent lectus vestibulum quam sapien varius,34.78
Rice - 7 Grain Blend,rice-7grainblend,justo in blandit ultrices enim lorem ipsum dolor sit amet consectetuer adipiscing elit proin interdum mauris non ligula pellentesque ultrices phasellus id sapien in sapien iaculis congue vivamus,52.66
Shrimp - Black Tiger 26/30,shrimp-blacktiger26-30,in ante vestibulum ante ipsum primis in faucibus orci luctus et ultrices posuere cubilia curae duis faucibus accumsan odio curabitur convallis duis consequat dui nec nisi volutpat eleifend,71.7
Buffalo - Short Rib Fresh,buffalo-shortribfresh,orci eget orci vehicula condimentum curabitur in libero ut massa volutpat convallis morbi odio odio elementum eu interdum eu,30.75
Extract - Lemon,extract-lemon,magna vulputate luctus cum sociis natoque penatibus et magnis dis parturient montes nascetur ridiculus mus vivamus vestibulum sagittis sapien cum sociis natoque,78.92
Rum - Mount Gay Eclipes,rum-mountgayeclipes,praesent lectus vestibulum quam sapien varius ut blandit non interdum,72.96
Lamb Tenderloin Nz Fr,lambtenderloinnzfr,sagittis dui vel nisl duis ac nibh fusce lacus purus aliquet at feugiat non pretium quis lectus suspendisse potenti in,42.55
Madeira,madeira,tristique est et tempus semper est quam pharetra magna ac consequat metus sapien ut nunc vestibulum,48.1
Pectin,pectin,ut massa volutpat convallis morbi odio odio elementum eu interdum eu tincidunt in leo maecenas pulvinar lobortis est phasellus sit amet erat nulla tempus vivamus in,36.84
Water - Green Tea Refresher,water-greentearefresher,volutpat dui maecenas tristique est et tempus semper est quam pharetra,74.35
Onions - White,onions-white,sit amet eleifend pede libero quis orci nullam molestie nibh in lectus pellentesque at nulla suspendisse potenti cras in purus eu magna vulputate luctus cum sociis natoque penatibus et magnis,56.88
Country Roll,countryroll,aliquet massa id lobortis convallis tortor risus dapibus augue vel accumsan tellus nisi eu orci mauris lacinia sapien quis libero nullam sit amet turpis elementum ligula vehicula,37.15
Nantucket Orange Juice,nantucketorangejuice,in hac habitasse platea dictumst morbi vestibulum velit id pretium iaculis diam erat fermentum justo nec condimentum,23.01
Table Cloth - 53x69 Colour,tablecloth-53x69colour,mus vivamus vestibulum sagittis sapien cum sociis natoque penatibus et magnis dis parturient montes nascetur,67.67
Red Currant Jelly,redcurrantjelly,pulvinar nulla pede ullamcorper augue a suscipit nulla elit ac nulla sed vel enim sit amet nunc viverra dapibus nulla suscipit ligula in lacus curabitur at ipsum ac,66.21
Sauce - Soy Low Sodium - 3.87l,sauce-soylowsodium-3-87l,sem fusce consequat nulla nisl nunc nisl duis bibendum felis sed interdum venenatis turpis enim blandit,70.74
Energy Drink Red Bull,energydrinkredbull,amet lobortis sapien sapien non mi integer ac neque duis bibendum morbi non quam nec dui luctus rutrum,25.02
Jameson Irish Whiskey,jamesonirishwhiskey,interdum mauris ullamcorper purus sit amet nulla quisque arcu libero rutrum ac lobortis vel dapibus at diam nam tristique tortor,53.01
Bread Base - Toscano,breadbase-toscano,parturient montes nascetur ridiculus mus vivamus vestibulum sagittis sapien cum sociis natoque penatibus et magnis dis parturient montes nascetur ridiculus mus,29.7
Chicken - Thigh Bone In,chicken-thigh-bonein,elementum pellentesque quisque porta volutpat erat quisque erat eros viverra eget congue eget semper rutrum nulla nunc purus phasellus in felis donec semper,79.76
Foie Gras,foiegras,commodo vulputate justo in blandit ultrices enim lorem ipsum dolor sit amet consectetuer adipiscing elit proin interdum mauris non ligula pellentesque ultrices phasellus id sapien,57.57
Celery Root,celeryroot,libero convallis eget eleifend luctus ultricies eu nibh quisque id justo sit,25.11
Mcgillicuddy Vanilla Schnap,mcgillicuddyvanillaschnap,ligula sit amet eleifend pede libero quis orci nullam molestie nibh in lectus pellentesque at nulla suspendisse potenti cras in purus eu magna vulputate luctus cum sociis,41.42
Glass - Wine Plastic Clear 5 Oz,glass-wine-plastic-clear5oz,condimentum neque sapien placerat ante nulla justo aliquam quis turpis eget elit,68.37
Containter - 3oz Microwave Rect.,containter-3ozmicrowaverect-,lectus suspendisse potenti in eleifend quam a odio in hac habitasse platea dictumst maecenas ut massa quis augue luctus tincidunt nulla mollis molestie lorem,44.35
Wine - Remy Pannier Rose,wine-remypannierrose,gravida nisi at nibh in hac habitasse platea dictumst aliquam augue quam sollicitudin vitae consectetuer eget rutrum at lorem integer tincidunt ante vel ipsum praesent blandit lacinia,74.83
Sauce - Hoisin,sauce-hoisin,eu est congue elementum in hac habitasse platea dictumst morbi vestibulum velit,62.84
Maple Syrup,maplesyrup,parturient montes nascetur ridiculus mus vivamus vestibulum sagittis sapien cum sociis natoque penatibus et magnis dis parturient montes nascetur ridiculus mus etiam vel augue vestibulum,58.37
Liners - Baking Cups,liners-bakingcups,ante ipsum primis in faucibus orci luctus et ultrices posuere cubilia curae mauris viverra diam vitae quam suspendisse potenti,77.63
Cake Circle Paprus,cakecircle-paprus,ante vel ipsum praesent blandit lacinia erat vestibulum sed magna at nunc commodo placerat praesent,34.56
Cheese - Mix,cheese-mix,nisi nam ultrices libero non mattis pulvinar nulla pede ullamcorper augue a suscipit nulla elit ac nulla sed vel enim sit amet nunc viverra dapibus nulla suscipit ligula,34.38
External Supplier,externalsupplier,mattis pulvinar nulla pede ullamcorper augue a suscipit nulla elit ac nulla sed vel enim sit amet nunc viverra dapibus nulla suscipit ligula in lacus curabitur at ipsum ac,22.27
Wine - George Duboeuf Rose,wine-georgeduboeufrose,congue etiam justo etiam pretium iaculis justo in hac habitasse platea dictumst etiam faucibus cursus urna ut tellus,28.33
Beef - Diced,beef-diced,diam id ornare imperdiet sapien urna pretium nisl ut volutpat,73.61
Cheese - Mix,cheese-mix,dapibus dolor vel est donec odio justo sollicitudin ut suscipit a feugiat et eros vestibulum ac est lacinia nisi venenatis tristique fusce congue,77.05
Spring Roll Veg Mini,springrollvegmini,eleifend luctus ultricies eu nibh quisque id justo sit amet sapien dignissim vestibulum vestibulum ante ipsum primis in faucibus orci luctus,49.28
Bread - Roll Calabrese,bread-roll-calabrese,ante vel ipsum praesent blandit lacinia erat vestibulum sed magna at nunc commodo placerat praesent blandit nam nulla integer pede justo lacinia eget tincidunt eget,28.8
Tea - Herbal Orange Spice,tea-herbalorangespice,suspendisse potenti cras in purus eu magna vulputate luctus cum sociis natoque penatibus et magnis dis parturient montes,42.92
Pastry - Choclate Baked,pastry-choclatebaked,eu mi nulla ac enim in tempor turpis nec euismod scelerisque quam turpis adipiscing lorem vitae mattis nibh ligula nec,61.64
Seedlings - Buckwheat Organic,seedlings-buckwheat-organic,lectus in quam fringilla rhoncus mauris enim leo rhoncus sed vestibulum sit amet cursus id turpis integer aliquet massa id lobortis convallis tortor risus,26.24
Beer - Pilsner Urquell,beer-pilsnerurquell,duis at velit eu est congue elementum in hac habitasse platea dictumst morbi vestibulum velit id pretium iaculis diam erat fermentum,67.55
Water Chestnut - Canned,waterchestnut-canned,dictumst morbi vestibulum velit id pretium iaculis diam erat fermentum justo nec condimentum neque sapien,35.33
Cheese - Oka,cheese-oka,ac enim in tempor turpis nec euismod scelerisque quam turpis adipiscing lorem vitae,69.41
Wine - Alsace Riesling Reserve,wine-alsacerieslingreserve,orci luctus et ultrices posuere cubilia curae mauris viverra diam vitae quam suspendisse potenti nullam porttitor lacus at turpis donec posuere metus vitae ipsum aliquam non mauris morbi non,64.25
Tortillas - Flour 10,tortillas-flour-10,dictumst morbi vestibulum velit id pretium iaculis diam erat fermentum justo nec condimentum neque sapien placerat ante nulla justo aliquam quis turpis eget elit sodales scelerisque mauris sit,79.42
Pork - Baconback Peameal,pork-bacon-backpeameal,ultrices posuere cubilia curae donec pharetra magna vestibulum aliquet ultrices erat tortor sollicitudin mi sit amet lobortis sapien sapien non mi integer ac neque duis bibendum,53.53
Sunflower Seed Raw,sunflowerseedraw,vitae ipsum aliquam non mauris morbi non lectus aliquam sit amet diam in,71.62
Pickle - Dill,pickle-dill,cubilia curae donec pharetra magna vestibulum aliquet ultrices erat tortor sollicitudin mi sit amet,47.11
Lettuce - Mini Greens Whole,lettuce-minigreens-whole,pharetra magna vestibulum aliquet ultrices erat tortor sollicitudin mi sit amet lobortis sapien sapien non mi integer ac neque duis bibendum morbi non quam nec dui luctus rutrum nulla,40.86
Flour - Strong,flour-strong,phasellus in felis donec semper sapien a libero nam dui proin leo odio,62.14
Yogurt - Raspberry 175 Gr,yogurt-raspberry-175gr,et eros vestibulum ac est lacinia nisi venenatis tristique fusce congue diam id ornare imperdiet sapien urna pretium nisl ut volutpat sapien arcu sed augue aliquam erat volutpat in congue,56.44
Veal - Leg Provimi - 50 Lb Max,veal-leg-provimi-50lbmax,cras in purus eu magna vulputate luctus cum sociis natoque penatibus et magnis dis,51.26
Napkin Colour,napkincolour,phasellus id sapien in sapien iaculis congue vivamus metus arcu adipiscing molestie hendrerit at vulputate vitae nisl aenean lectus,64.35
Beef - Ox Tail Frozen,beef-oxtail-frozen,quam pede lobortis ligula sit amet eleifend pede libero quis orci nullam,60.86
Nescafe - Frothy French Vanilla,nescafe-frothyfrenchvanilla,et ultrices posuere cubilia curae mauris viverra diam vitae quam suspendisse potenti nullam porttitor lacus at turpis donec posuere metus vitae ipsum aliquam non mauris morbi non lectus aliquam,62.72
Pork - Baconback Peameal,pork-bacon-backpeameal,nisl aenean lectus pellentesque eget nunc donec quis orci eget orci vehicula condimentum curabitur in libero,20.27
Syrup - Kahlua Chocolate,syrup-kahluachocolate,ultrices posuere cubilia curae donec pharetra magna vestibulum aliquet ultrices erat tortor sollicitudin mi sit amet lobortis,20.19
Pimento - Canned,pimento-canned,duis at velit eu est congue elementum in hac habitasse platea dictumst morbi vestibulum velit id,25.26
Tomatoes - Diced Canned,tomatoes-diced-canned,aliquet maecenas leo odio condimentum id luctus nec molestie sed justo pellentesque viverra pede ac diam,59.01
Cheese - Havarti Salsa,cheese-havarti-salsa,donec odio justo sollicitudin ut suscipit a feugiat et eros vestibulum ac est lacinia nisi venenatis tristique fusce congue diam id ornare imperdiet sapien urna pretium nisl,21.38
Ice - Clear 300 Lb For Carving,ice-clear-300lbforcarving,sapien quis libero nullam sit amet turpis elementum ligula vehicula consequat morbi a ipsum integer a nibh in quis justo maecenas rhoncus aliquam lacus morbi quis tortor,23.18
Cheese - Romano Grated,cheese-romano-grated,felis eu sapien cursus vestibulum proin eu mi nulla ac enim in tempor turpis nec euismod,37.02
Fib N9 - Prague Powder,fibn9-praguepowder,vivamus in felis eu sapien cursus vestibulum proin eu mi nulla ac enim in tempor turpis,64.61
Quail - Jumbo,quail-jumbo,elit proin interdum mauris non ligula pellentesque ultrices phasellus id,20.48
Soup - Knorr French Onion,soup-knorr-frenchonion,amet eleifend pede libero quis orci nullam molestie nibh in lectus pellentesque at nulla suspendisse potenti cras in purus eu,23.96
Octopus,octopus,rhoncus aliquam lacus morbi quis tortor id nulla ultrices aliquet maecenas leo odio condimentum id luctus nec molestie sed justo pellentesque viverra pede ac diam cras,32.1
Scallops - Live In Shell,scallops-liveinshell,praesent blandit lacinia erat vestibulum sed magna at nunc commodo placerat praesent blandit nam nulla,79.47
Chicken - Leg Fresh,chicken-leg-fresh,velit nec nisi vulputate nonummy maecenas tincidunt lacus at velit vivamus vel nulla eget eros elementum pellentesque quisque porta,47.88
Red Pepper Paste,redpepperpaste,ante ipsum primis in faucibus orci luctus et ultrices posuere cubilia curae donec pharetra magna vestibulum aliquet ultrices erat tortor sollicitudin mi sit amet lobortis sapien sapien non,41.95
Wine - Peller Estates Late,wine-pellerestateslate,pellentesque at nulla suspendisse potenti cras in purus eu magna vulputate luctus cum sociis natoque penatibus et magnis dis parturient,31.49
Dried Cherries,driedcherries,non sodales sed tincidunt eu felis fusce posuere felis sed lacus morbi sem mauris laoreet ut rhoncus aliquet pulvinar sed nisl nunc rhoncus dui vel sem sed sagittis,75.01
Marjoram - Dried Rubbed,marjoram-dried-rubbed,erat eros viverra eget congue eget semper rutrum nulla nunc purus phasellus in,54.83
Pastrami,pastrami,proin at turpis a pede posuere nonummy integer non velit donec diam neque,37.1
Artichoke - Bottom Canned,artichoke-bottom-canned,integer ac neque duis bibendum morbi non quam nec dui luctus rutrum nulla tellus in sagittis dui,47.92
Lamb - Rack,lamb-rack,aenean sit amet justo morbi ut odio cras mi pede malesuada in imperdiet et commodo vulputate justo,33.45
Cleaner - Comet,cleaner-comet,commodo placerat praesent blandit nam nulla integer pede justo lacinia eget tincidunt eget tempus vel pede morbi,79.49
Veal - Leg Provimi - 50 Lb Max,veal-leg-provimi-50lbmax,nec nisi volutpat eleifend donec ut dolor morbi vel lectus in quam fringilla rhoncus mauris enim leo rhoncus sed vestibulum sit amet cursus id turpis integer aliquet massa id,49.73
Pie Shell - 5,pieshell-5,erat curabitur gravida nisi at nibh in hac habitasse platea dictumst aliquam augue quam sollicitudin vitae consectetuer,41.41
Container - Clear 16 Oz,container-clear16oz,primis in faucibus orci luctus et ultrices posuere cubilia curae mauris viverra diam vitae quam suspendisse potenti nullam porttitor lacus,78.22
Cheese - Comte,cheese-comte,pulvinar nulla pede ullamcorper augue a suscipit nulla elit ac nulla sed vel enim sit amet nunc viverra dapibus nulla suscipit ligula in lacus curabitur at ipsum ac tellus,22.87
Buffalo - Striploin,buffalo-striploin,lacus morbi sem mauris laoreet ut rhoncus aliquet pulvinar sed nisl nunc rhoncus dui vel sem sed sagittis nam congue,42.72
Wine - Penfolds Koonuga Hill,wine-penfoldskoonugahill,odio elementum eu interdum eu tincidunt in leo maecenas pulvinar lobortis est phasellus sit amet erat,64.54
Table Cloth 54x54 White,tablecloth54x54white,odio consequat varius integer ac leo pellentesque ultrices mattis odio donec vitae nisi nam ultrices libero non mattis pulvinar nulla pede,59.48
Hot Choc Vending,hotchocvending,eu orci mauris lacinia sapien quis libero nullam sit amet turpis elementum,29.5
Beer - Paulaner Hefeweisse,beer-paulanerhefeweisse,mauris viverra diam vitae quam suspendisse potenti nullam porttitor lacus at turpis donec posuere metus vitae,50
Muffin Batt - Ban Dream Zero,muffinbatt-bandreamzero,molestie nibh in lectus pellentesque at nulla suspendisse potenti cras in purus,75.04
Pork - Shoulder,pork-shoulder,pellentesque ultrices phasellus id sapien in sapien iaculis congue vivamus metus arcu adipiscing molestie hendrerit at vulputate,23.12
Oil - Shortening - All - Purpose,oil-shortening-all-purpose,eget tempus vel pede morbi porttitor lorem id ligula suspendisse ornare consequat lectus in est risus auctor sed tristique in tempus sit amet sem,75.42
Squid - U 5,squid-u5,platea dictumst maecenas ut massa quis augue luctus tincidunt nulla mollis molestie lorem quisque ut erat curabitur gravida,34.24
Shiro Miso,shiromiso,molestie nibh in lectus pellentesque at nulla suspendisse potenti cras in purus eu magna vulputate luctus cum sociis natoque penatibus et magnis dis parturient,20.78
Cilantro / Coriander - Fresh,cilantro-coriander-fresh,sagittis dui vel nisl duis ac nibh fusce lacus purus aliquet at feugiat non pretium quis,64.41
Tomatoes - Vine Ripe Red,tomatoes-vineripe-red,quam turpis adipiscing lorem vitae mattis nibh ligula nec sem duis aliquam convallis nunc proin at turpis,64.34
Chutney Sauce,chutneysauce,odio porttitor id consequat in consequat ut nulla sed accumsan felis ut at dolor quis odio,43.42
Wine - Cotes Du Rhone Parallele,wine-cotesdurhoneparallele,sed augue aliquam erat volutpat in congue etiam justo etiam pretium iaculis justo in hac habitasse platea dictumst,73.67
Seedlings - Clamshell,seedlings-clamshell,feugiat et eros vestibulum ac est lacinia nisi venenatis tristique fusce congue diam id,63.2
Tomato - Tricolor Cherry,tomato-tricolorcherry,vestibulum aliquet ultrices erat tortor sollicitudin mi sit amet lobortis sapien sapien non mi integer ac neque duis,54.54
Soup Campbells - Italian Wedding,soupcampbells-italianwedding,morbi sem mauris laoreet ut rhoncus aliquet pulvinar sed nisl nunc rhoncus dui vel sem sed sagittis nam congue risus semper porta,30.67
Muffin Mix - Lemon Cranberry,muffinmix-lemoncranberry,eu orci mauris lacinia sapien quis libero nullam sit amet turpis elementum ligula vehicula consequat morbi,65.57
Flower - Daisies,flower-daisies,quam fringilla rhoncus mauris enim leo rhoncus sed vestibulum sit amet cursus id,77.77
Wine - Ruffino Chianti,wine-ruffinochianti,libero convallis eget eleifend luctus ultricies eu nibh quisque id justo sit amet sapien dignissim vestibulum vestibulum ante ipsum primis in faucibus orci luctus et ultrices posuere cubilia,66.9
Coconut - Shredded Sweet,coconut-shredded-sweet,parturient montes nascetur ridiculus mus etiam vel augue vestibulum rutrum rutrum neque aenean auctor gravida sem praesent id massa id nisl,52.46
Chicken - Leg Fresh,chicken-leg-fresh,convallis duis consequat dui nec nisi volutpat eleifend donec ut dolor morbi vel lectus in quam fringilla rhoncus mauris enim leo rhoncus sed vestibulum sit amet cursus id turpis integer,79.42
Salsify Organic,salsify-organic,nibh in quis justo maecenas rhoncus aliquam lacus morbi quis tortor id nulla ultrices aliquet maecenas leo odio condimentum,26.94
Mangostein,mangostein,in sapien iaculis congue vivamus metus arcu adipiscing molestie hendrerit at vulputate,28.88
Goat - Leg,goat-leg,mattis nibh ligula nec sem duis aliquam convallis nunc proin at turpis a pede,25.61
Cheese - Brie Roitelet,cheese-brieroitelet,eu interdum eu tincidunt in leo maecenas pulvinar lobortis est phasellus sit amet erat nulla tempus vivamus in felis,59.56
Lettuce - Boston Bib,lettuce-bostonbib,lectus in quam fringilla rhoncus mauris enim leo rhoncus sed vestibulum sit amet cursus id turpis integer aliquet massa id lobortis convallis tortor,24.21
Cookies - Fortune,cookies-fortune,ultrices posuere cubilia curae donec pharetra magna vestibulum aliquet ultrices erat tortor sollicitudin mi sit amet lobortis sapien sapien non mi integer ac neque duis,30.95
Wine - Winzer Krems Gruner,wine-winzerkremsgruner,molestie sed justo pellentesque viverra pede ac diam cras pellentesque volutpat dui maecenas tristique est et tempus semper est quam pharetra,27.39
Beef - Bones Marrow,beef-bones-marrow,ornare imperdiet sapien urna pretium nisl ut volutpat sapien arcu sed augue aliquam erat volutpat in congue etiam justo etiam pretium iaculis,74.8
Nut - Almond Blanched Sliced,nut-almond-blanched-sliced,massa quis augue luctus tincidunt nulla mollis molestie lorem quisque ut erat curabitur gravida nisi at nibh in hac habitasse platea dictumst aliquam augue quam sollicitudin vitae consectetuer,66.79
Club Soda - Schweppes 355 Ml,clubsoda-schweppes-355ml,elit proin risus praesent lectus vestibulum quam sapien varius ut blandit non interdum in ante vestibulum ante ipsum primis in faucibus orci luctus et,37.92
Swordfish Loin Portions,swordfishloinportions,facilisi cras non velit nec nisi vulputate nonummy maecenas tincidunt lacus at velit vivamus vel nulla eget eros elementum pellentesque quisque porta volutpat erat quisque erat eros viverra,55.58
Orange Roughy 4/6 Oz,orangeroughy4-6oz,turpis a pede posuere nonummy integer non velit donec diam neque vestibulum eget vulputate,50.69
Jam - Strawberry 20 Ml Jar,jam-strawberry-20mljar,risus dapibus augue vel accumsan tellus nisi eu orci mauris lacinia sapien quis libero nullam sit amet turpis elementum ligula vehicula consequat morbi a ipsum integer,43.02
Higashimaru Usukuchi Soy,higashimaruusukuchisoy,amet consectetuer adipiscing elit proin risus praesent lectus vestibulum quam sapien varius ut blandit non interdum in ante,77.72
Tomato Paste,tomatopaste,neque duis bibendum morbi non quam nec dui luctus rutrum nulla tellus in sagittis dui vel nisl duis ac nibh fusce lacus purus aliquet at,22.69
Beef - Ground Extra Lean Fresh,beef-ground-extralean-fresh,donec ut mauris eget massa tempor convallis nulla neque libero convallis,57.4
Beef - Tongue Cooked,beef-tongue-cooked,ipsum primis in faucibus orci luctus et ultrices posuere cubilia curae mauris viverra diam vitae quam suspendisse potenti nullam porttitor lacus at turpis donec posuere metus vitae ipsum,56.12
Cheese - Augre Des Champs,cheese-augredeschamps,gravida sem praesent id massa id nisl venenatis lacinia aenean sit amet justo morbi,53.91
Wine - Fat Bastard Merlot,wine-fatbastardmerlot,lorem quisque ut erat curabitur gravida nisi at nibh in hac habitasse platea dictumst aliquam augue quam sollicitudin,38.18
Wine - Blue Nun Qualitatswein,wine-bluenunqualitatswein,natoque penatibus et magnis dis parturient montes nascetur ridiculus mus vivamus vestibulum sagittis sapien cum sociis natoque penatibus et magnis dis parturient montes nascetur ridiculus mus etiam vel,27.1
Flour - Buckwheat Dark,flour-buckwheat-dark,elementum eu interdum eu tincidunt in leo maecenas pulvinar lobortis est phasellus sit amet erat nulla tempus,33.48
Chocolate Bar - Oh Henry,chocolatebar-ohhenry,consequat dui nec nisi volutpat eleifend donec ut dolor morbi vel lectus in quam fringilla rhoncus mauris enim leo rhoncus sed vestibulum sit amet,60.21
Chicken - Tenderloin,chicken-tenderloin,nulla ultrices aliquet maecenas leo odio condimentum id luctus nec molestie sed justo pellentesque viverra pede ac diam cras pellentesque volutpat dui,59.32
Cheese - Havarti Roasted Garlic,cheese-havarti-roastedgarlic,eu magna vulputate luctus cum sociis natoque penatibus et magnis dis,70.89
Canada Dry,canadadry,cubilia curae mauris viverra diam vitae quam suspendisse potenti nullam porttitor lacus at turpis donec posuere,34.91
Cheese - Gouda,cheese-gouda,lectus in quam fringilla rhoncus mauris enim leo rhoncus sed vestibulum sit amet cursus id turpis integer aliquet massa id lobortis convallis,56.6
Bread - Malt,bread-malt,vel ipsum praesent blandit lacinia erat vestibulum sed magna at nunc commodo placerat praesent blandit nam nulla integer pede justo lacinia eget tincidunt eget tempus vel pede morbi,53.1
Pickerel - Fillets,pickerel-fillets,sit amet cursus id turpis integer aliquet massa id lobortis convallis tortor risus dapibus augue vel accumsan tellus nisi eu orci mauris lacinia sapien quis libero nullam sit amet turpis,56.84
The Pop Shoppe Pinapple,thepopshoppepinapple,pede libero quis orci nullam molestie nibh in lectus pellentesque at nulla suspendisse potenti cras in purus eu magna vulputate luctus cum sociis natoque penatibus et magnis,46.17
Soup - Campbells Creamy,soup-campbells-creamy,id nisl venenatis lacinia aenean sit amet justo morbi ut odio cras mi pede malesuada in imperdiet et commodo vulputate justo in blandit ultrices enim lorem ipsum dolor,30.31
Containter - 3oz Microwave Rect.,containter-3ozmicrowaverect-,lobortis sapien sapien non mi integer ac neque duis bibendum morbi non quam,68.25
Bread - Sour Sticks With Onion,bread-sourstickswithonion,cras pellentesque volutpat dui maecenas tristique est et tempus semper est quam pharetra magna ac consequat metus sapien ut nunc vestibulum ante ipsum,65.18
Lid - 101216 Oz,lid-10-12-16oz,neque aenean auctor gravida sem praesent id massa id nisl venenatis lacinia aenean sit amet justo morbi ut odio cras mi pede malesuada in imperdiet et,39.33
Spice - Peppercorn Melange,spice-peppercornmelange,consequat dui nec nisi volutpat eleifend donec ut dolor morbi vel lectus in quam,78.4
Cake - Miini Cheesecake Cherry,cake-miinicheesecakecherry,nulla suscipit ligula in lacus curabitur at ipsum ac tellus semper interdum mauris ullamcorper purus sit amet nulla quisque arcu libero rutrum ac lobortis vel dapibus at,48.05
Tuna - Sushi Grade,tuna-sushigrade,mauris vulputate elementum nullam varius nulla facilisi cras non velit nec nisi vulputate nonummy maecenas tincidunt lacus at velit vivamus vel nulla eget eros,72.58
Veal - Insides Grains,veal-insides-grains,eros viverra eget congue eget semper rutrum nulla nunc purus phasellus in felis donec semper sapien a libero nam dui proin leo odio porttitor id consequat in consequat ut,75.09
Oil - Olive Bertolli,oil-olivebertolli,cras in purus eu magna vulputate luctus cum sociis natoque penatibus et magnis dis parturient montes nascetur ridiculus,28.16
Pork - European Side Bacon,pork-europeansidebacon,euismod scelerisque quam turpis adipiscing lorem vitae mattis nibh ligula nec sem duis aliquam convallis nunc proin at turpis a pede posuere nonummy integer non velit,42.88
Turnip - White Organic,turnip-white-organic,odio in hac habitasse platea dictumst maecenas ut massa quis augue luctus tincidunt nulla mollis molestie lorem quisque ut erat curabitur gravida nisi at nibh in hac,23.18
Pear - Prickly,pear-prickly,eu orci mauris lacinia sapien quis libero nullam sit amet turpis elementum ligula vehicula consequat morbi a ipsum integer a nibh,69.71
Petit Baguette,petitbaguette,ipsum dolor sit amet consectetuer adipiscing elit proin interdum mauris non ligula pellentesque ultrices phasellus id,70.99
Hot Choc Vending,hotchocvending,morbi quis tortor id nulla ultrices aliquet maecenas leo odio condimentum id luctus nec molestie sed justo pellentesque viverra pede ac,27.83
Lid - Translucent 3.5 And 6 Oz,lid-translucent-3-5and6oz,tellus nulla ut erat id mauris vulputate elementum nullam varius nulla facilisi cras,63.72
Cake - Night And Day Choclate,cake-nightanddaychoclate,imperdiet et commodo vulputate justo in blandit ultrices enim lorem ipsum dolor sit amet consectetuer adipiscing elit proin interdum mauris non ligula pellentesque ultrices phasellus id sapien in,55.27
Crab - Soft Shell,crab-softshell,justo aliquam quis turpis eget elit sodales scelerisque mauris sit amet eros suspendisse accumsan tortor,50.66
Crackers - Water,crackers-water,duis at velit eu est congue elementum in hac habitasse platea dictumst morbi vestibulum velit id pretium iaculis diam erat fermentum justo nec condimentum neque sapien,25.09
Beer - Tetleys,beer-tetleys,penatibus et magnis dis parturient montes nascetur ridiculus mus etiam vel augue vestibulum rutrum rutrum,55.66
Sprouts - China Rose,sprouts-chinarose,odio odio elementum eu interdum eu tincidunt in leo maecenas pulvinar lobortis est phasellus sit amet erat nulla tempus vivamus in felis eu sapien cursus vestibulum proin eu mi,74.8
Pasta - Elbows Macaroni Dry,pasta-elbows-macaroni-dry,cursus urna ut tellus nulla ut erat id mauris vulputate elementum nullam varius nulla facilisi cras non velit nec nisi vulputate nonummy maecenas tincidunt lacus at,77.46
Veal - Inside Choice,veal-inside-choice,amet consectetuer adipiscing elit proin interdum mauris non ligula pellentesque ultrices phasellus id sapien in sapien iaculis congue vivamus metus arcu adipiscing molestie hendrerit at vulputate,77.72
Smoked Paprika,smokedpaprika,aliquam erat volutpat in congue etiam justo etiam pretium iaculis justo in hac habitasse platea dictumst etiam faucibus cursus urna ut tellus,74.43
Melon - Watermelon Yellow,melon-watermelonyellow,nunc nisl duis bibendum felis sed interdum venenatis turpis enim blandit mi in porttitor pede justo eu massa donec dapibus duis at velit eu est congue elementum in,29.6
Longos - Chicken Curried,longos-chickencurried,tincidunt lacus at velit vivamus vel nulla eget eros elementum pellentesque,35.29
Sherry - Dry,sherry-dry,metus sapien ut nunc vestibulum ante ipsum primis in faucibus orci luctus et ultrices posuere cubilia curae mauris viverra diam vitae quam suspendisse potenti nullam porttitor lacus at turpis,54.89
Wine - Prosecco Valdobiaddene,wine-proseccovaldobiaddene,ante vestibulum ante ipsum primis in faucibus orci luctus et ultrices posuere cubilia curae duis faucibus accumsan odio curabitur convallis duis,36.13
Pasta - Rotini Colour Dry,pasta-rotini-colour-dry,nisl venenatis lacinia aenean sit amet justo morbi ut odio cras mi pede malesuada in imperdiet et commodo vulputate justo in blandit ultrices enim lorem ipsum dolor,49.87
Wine - Wyndham Estate Bin 777,wine-wyndhamestatebin777,penatibus et magnis dis parturient montes nascetur ridiculus mus etiam vel augue vestibulum rutrum rutrum neque aenean auctor gravida sem,37.48
Fudge - Cream Fudge,fudge-creamfudge,nunc nisl duis bibendum felis sed interdum venenatis turpis enim blandit mi in porttitor pede justo eu massa donec dapibus,40.67
Spice - Pepper Portions,spice-pepperportions,massa donec dapibus duis at velit eu est congue elementum in hac habitasse platea dictumst,34.63
Corn Meal,cornmeal,consectetuer adipiscing elit proin interdum mauris non ligula pellentesque ultrices phasellus id sapien in sapien iaculis congue vivamus metus arcu adipiscing molestie hendrerit at vulputate vitae nisl aenean lectus,20.73
Milkettes - 2%,milkettes-2,sit amet consectetuer adipiscing elit proin risus praesent lectus vestibulum quam sapien varius ut blandit non interdum in,68.43
Wine - Pinot Noir Stoneleigh,wine-pinotnoirstoneleigh,quam sollicitudin vitae consectetuer eget rutrum at lorem integer tincidunt ante vel ipsum praesent blandit lacinia erat vestibulum sed magna at nunc commodo placerat,38.44
Mountain Dew,mountaindew,imperdiet et commodo vulputate justo in blandit ultrices enim lorem ipsum,71.72
Bread - Roll Canadian Dinner,bread-roll-canadiandinner,quis odio consequat varius integer ac leo pellentesque ultrices mattis odio donec vitae nisi nam ultrices libero non mattis pulvinar nulla pede ullamcorper augue a suscipit nulla,70.57
Pork - European Side Bacon,pork-europeansidebacon,justo sit amet sapien dignissim vestibulum vestibulum ante ipsum primis in faucibus orci luctus et ultrices posuere cubilia curae nulla,60.73
Wine - Pinot Noir Latour,wine-pinotnoirlatour,cubilia curae duis faucibus accumsan odio curabitur convallis duis consequat dui nec nisi volutpat eleifend,69.25
Trueblue - Blueberry,trueblue-blueberry,cras mi pede malesuada in imperdiet et commodo vulputate justo in blandit ultrices,61.65
Flour - Semolina,flour-semolina,iaculis justo in hac habitasse platea dictumst etiam faucibus cursus urna ut tellus nulla ut erat id mauris vulputate elementum nullam varius nulla facilisi cras,40.5
Wine - Merlot Vina Carmen,wine-merlotvinacarmen,morbi ut odio cras mi pede malesuada in imperdiet et commodo vulputate justo in blandit ultrices enim lorem ipsum,65.28
Wine - Mondavi Coastal Private,wine-mondavicoastalprivate,ante vivamus tortor duis mattis egestas metus aenean fermentum donec,65.62
Lettuce - Lolla Rosa,lettuce-lollarosa,dis parturient montes nascetur ridiculus mus etiam vel augue vestibulum rutrum rutrum neque aenean auctor gravida sem praesent id massa id nisl venenatis lacinia aenean sit amet,46.21
Table Cloth - 53x69 Colour,tablecloth-53x69colour,tristique fusce congue diam id ornare imperdiet sapien urna pretium nisl ut volutpat sapien arcu sed augue aliquam erat volutpat in congue etiam,58.06
Bar Energy Chocchip,barenergychocchip,pretium quis lectus suspendisse potenti in eleifend quam a odio in hac habitasse platea dictumst maecenas ut massa quis augue luctus tincidunt nulla mollis molestie lorem quisque,53.88
Arrowroot,arrowroot,leo pellentesque ultrices mattis odio donec vitae nisi nam ultrices libero non mattis pulvinar nulla pede ullamcorper augue a suscipit nulla elit ac nulla sed vel enim sit amet,49.86
Wine - Charddonnay Errazuriz,wine-charddonnayerrazuriz,enim leo rhoncus sed vestibulum sit amet cursus id turpis integer aliquet massa id lobortis convallis tortor risus,51.26
Table Cloth 81x81 White,tablecloth81x81white,vestibulum velit id pretium iaculis diam erat fermentum justo nec condimentum neque sapien placerat ante nulla,41.54
Pasta - Fett Alfredo Single Serve,pasta-fettalfredo-singleserve,nulla integer pede justo lacinia eget tincidunt eget tempus vel pede morbi porttitor lorem id ligula suspendisse ornare consequat lectus in est risus auctor sed,79.51
Pasta - Orecchiette,pasta-orecchiette,ut erat id mauris vulputate elementum nullam varius nulla facilisi cras non velit nec nisi vulputate nonummy maecenas tincidunt lacus at velit vivamus vel nulla eget eros elementum pellentesque,54.09
V8 - Tropical Blend,v8-tropicalblend,in congue etiam justo etiam pretium iaculis justo in hac habitasse platea dictumst etiam faucibus cursus urna ut tellus nulla ut erat id mauris vulputate elementum nullam varius nulla facilisi,24.77
Wine - Pinot Noir Pond Haddock,wine-pinotnoirpondhaddock,sagittis dui vel nisl duis ac nibh fusce lacus purus aliquet at feugiat non pretium quis lectus suspendisse potenti in eleifend,49.08
Carbonated Water - Peach,carbonatedwater-peach,at lorem integer tincidunt ante vel ipsum praesent blandit lacinia erat vestibulum sed magna at,20.54
Mint - Fresh,mint-fresh,velit nec nisi vulputate nonummy maecenas tincidunt lacus at velit vivamus vel nulla eget,69.07
Water - San Pellegrino,water-sanpellegrino,mauris morbi non lectus aliquam sit amet diam in magna bibendum imperdiet nullam orci pede venenatis non sodales sed tincidunt,39.24
Pepper - Chipotle Canned,pepper-chipotle-canned,morbi vestibulum velit id pretium iaculis diam erat fermentum justo nec condimentum neque sapien placerat,31.06
Mix - Cappucino Cocktail,mix-cappucinococktail,quisque erat eros viverra eget congue eget semper rutrum nulla nunc purus phasellus in felis donec semper sapien a libero,42.07
Wine - Sicilia Igt Nero Avola,wine-siciliaigtneroavola,blandit non interdum in ante vestibulum ante ipsum primis in faucibus orci luctus et ultrices posuere cubilia curae duis faucibus accumsan odio curabitur convallis duis consequat dui nec,64
Dry Ice,dryice,erat vestibulum sed magna at nunc commodo placerat praesent blandit nam nulla integer pede justo lacinia eget tincidunt eget tempus vel pede morbi porttitor lorem id ligula,57.43
Chicken - Livers,chicken-livers,dui maecenas tristique est et tempus semper est quam pharetra magna ac consequat metus sapien ut nunc,67.83
Soup - Campbells Chili,soup-campbellschili,sollicitudin ut suscipit a feugiat et eros vestibulum ac est lacinia nisi venenatis tristique fusce congue diam,31.91
Veal - Leg,veal-leg,convallis nunc proin at turpis a pede posuere nonummy integer non velit donec diam neque vestibulum eget vulputate ut ultrices vel augue vestibulum ante ipsum primis in,49.81
Doilies - 10 Paper,doilies-10-paper,orci luctus et ultrices posuere cubilia curae donec pharetra magna,73.29
Bread Base - Italian,breadbase-italian,vestibulum ante ipsum primis in faucibus orci luctus et ultrices posuere cubilia curae nulla dapibus dolor vel est donec odio justo sollicitudin ut suscipit a feugiat,37.68
The Pop Shoppe - Black Cherry,thepopshoppe-blackcherry,sed interdum venenatis turpis enim blandit mi in porttitor pede justo eu massa donec dapibus duis at velit eu,48.32
Halibut - Whole Fresh,halibut-whole-fresh,odio condimentum id luctus nec molestie sed justo pellentesque viverra pede ac diam cras pellentesque volutpat,52.55
Oil - Sesame,oil-sesame,lacinia sapien quis libero nullam sit amet turpis elementum ligula vehicula consequat morbi a ipsum integer a nibh in quis justo maecenas,52.04
Sprouts - Bean,sprouts-bean,vulputate luctus cum sociis natoque penatibus et magnis dis parturient montes nascetur ridiculus mus vivamus vestibulum sagittis sapien cum,55.02
Ham - Cooked Italian,ham-cookeditalian,in libero ut massa volutpat convallis morbi odio odio elementum eu interdum eu tincidunt in leo,58.44
Paper Towel Touchless,papertoweltouchless,nulla eget eros elementum pellentesque quisque porta volutpat erat quisque erat eros viverra eget congue eget semper,65.55
Dome Lid Clear P92008h,domelidclearp92008h,sed lacus morbi sem mauris laoreet ut rhoncus aliquet pulvinar sed nisl nunc rhoncus dui vel sem sed sagittis nam,57.84
Puree - Mocha,puree-mocha,justo in hac habitasse platea dictumst etiam faucibus cursus urna ut tellus nulla ut erat id mauris vulputate elementum nullam varius nulla facilisi cras non velit nec nisi vulputate nonummy,38.23
Lettuce - Red Leaf,lettuce-redleaf,volutpat in congue etiam justo etiam pretium iaculis justo in hac habitasse platea dictumst etiam faucibus cursus urna ut tellus nulla ut erat,28.58
Bread Bowl Plain,breadbowlplain,ante nulla justo aliquam quis turpis eget elit sodales scelerisque mauris sit amet eros suspendisse accumsan tortor quis turpis sed ante vivamus tortor,37.58
Breadfruit,breadfruit,mi in porttitor pede justo eu massa donec dapibus duis at velit eu est congue elementum in hac habitasse platea dictumst morbi vestibulum velit id pretium iaculis,33.31
Bols Melon Liqueur,bolsmelonliqueur,ut blandit non interdum in ante vestibulum ante ipsum primis in faucibus orci luctus et ultrices posuere cubilia curae duis faucibus accumsan odio curabitur convallis duis consequat dui,49.2
Cheese - Provolone,cheese-provolone,fusce congue diam id ornare imperdiet sapien urna pretium nisl ut volutpat sapien arcu sed augue aliquam erat volutpat in congue etiam justo etiam pretium iaculis justo in,32.85
Berry Brulee,berrybrulee,nunc viverra dapibus nulla suscipit ligula in lacus curabitur at ipsum ac tellus semper interdum mauris,75.59
Wine - Jaboulet Cotes Du Rhone,wine-jabouletcotesdurhone,faucibus cursus urna ut tellus nulla ut erat id mauris vulputate elementum nullam varius nulla facilisi cras non velit nec nisi vulputate nonummy,44.59
Eggroll,eggroll,ipsum dolor sit amet consectetuer adipiscing elit proin risus praesent lectus vestibulum quam sapien varius ut blandit non interdum in ante vestibulum ante ipsum primis in faucibus orci,32.42
Crab - Soft Shell,crab-softshell,habitasse platea dictumst aliquam augue quam sollicitudin vitae consectetuer eget rutrum at,63.11
Water - Spring Water 355 Ml,water-springwater-355ml,odio condimentum id luctus nec molestie sed justo pellentesque viverra pede ac diam cras pellentesque volutpat dui maecenas tristique est et,72.92
Liqueur Banana Ramazzotti,liqueurbanana-ramazzotti,vestibulum sit amet cursus id turpis integer aliquet massa id lobortis convallis tortor risus dapibus augue vel accumsan tellus nisi eu orci mauris lacinia sapien,58.89
Vector Energy Bar,vectorenergybar,eu magna vulputate luctus cum sociis natoque penatibus et magnis dis parturient montes nascetur ridiculus mus vivamus vestibulum sagittis sapien cum,25.49
Cheese - Victor Et Berthold,cheese-victoretberthold,morbi vel lectus in quam fringilla rhoncus mauris enim leo rhoncus sed vestibulum sit amet cursus id turpis integer aliquet massa id lobortis convallis tortor,54.44
Cookie - Oatmeal,cookie-oatmeal,libero non mattis pulvinar nulla pede ullamcorper augue a suscipit nulla elit ac nulla sed vel enim sit amet nunc viverra dapibus nulla suscipit ligula in lacus curabitur,29.51
Wiberg Cure,wibergcure,massa id nisl venenatis lacinia aenean sit amet justo morbi ut odio cras mi pede malesuada in imperdiet et commodo vulputate justo in,64.48
Beer - Blue Light,beer-bluelight,nibh in lectus pellentesque at nulla suspendisse potenti cras in purus eu magna vulputate luctus,59.46
Pork - Back Ribs,pork-backribs,lacinia aenean sit amet justo morbi ut odio cras mi pede malesuada in imperdiet et commodo vulputate justo in blandit ultrices enim lorem ipsum dolor sit amet consectetuer adipiscing elit,65.25
Tea Leaves - Oolong,tealeaves-oolong,condimentum curabitur in libero ut massa volutpat convallis morbi odio odio elementum,66.84
Wine - Chateau Timberlay,wine-chateautimberlay,faucibus accumsan odio curabitur convallis duis consequat dui nec nisi volutpat,70.03
Pastry - Chocolate Chip Muffin,pastry-chocolatechipmuffin,nulla nisl nunc nisl duis bibendum felis sed interdum venenatis turpis enim blandit mi in porttitor pede justo eu massa donec dapibus duis at velit,36.69
Soup - Campbells Beef Stew,soup-campbellsbeefstew,vehicula consequat morbi a ipsum integer a nibh in quis,40.14
Kippers - Smoked,kippers-smoked,id sapien in sapien iaculis congue vivamus metus arcu adipiscing molestie,34.84
Jam - Blackberry 20 Ml Jar,jam-blackberry-20mljar,aliquam sit amet diam in magna bibendum imperdiet nullam orci pede venenatis non sodales sed tincidunt eu felis fusce posuere felis sed,63.71
Cheese - Cheddar With Claret,cheese-cheddarwithclaret,non velit nec nisi vulputate nonummy maecenas tincidunt lacus at velit vivamus,66.68
Meldea Green Tea Liquor,meldeagreentealiquor,mauris vulputate elementum nullam varius nulla facilisi cras non velit nec nisi vulputate nonummy maecenas tincidunt lacus at velit vivamus vel nulla,30.7
Tuna - Sushi Grade,tuna-sushigrade,nullam orci pede venenatis non sodales sed tincidunt eu felis fusce posuere,35.81
Oven Mitt - 13 Inch,ovenmitt-13inch,est et tempus semper est quam pharetra magna ac consequat metus sapien ut nunc vestibulum ante ipsum primis in faucibus orci,74.35
Scallops 60/80 Iqf,scallops60-80iqf,quis tortor id nulla ultrices aliquet maecenas leo odio condimentum id luctus nec,69.25
Chocolate - White,chocolate-white,morbi vel lectus in quam fringilla rhoncus mauris enim leo rhoncus sed vestibulum sit amet cursus id turpis integer,38.51
Crab - Meat,crab-meat,maecenas tristique est et tempus semper est quam pharetra magna ac consequat,22.73
